{
  "experiment": "E5 CTCF saturation mutagenesis (embedding-distance)",
  "model": "AIRI-Institute/gena-lm-bert-base-t2t",
  "n_sequences": 100,
  "motif_len": 19,
  "flank_len": 200,
  "metric": "1 - cosine_similarity(emb_orig, emb_mut) at motif region",
  "pearson_r_pos_IC_vs_effect": 0.42077918208825305,
  "pearson_r_full_map_off_consensus": 0.8927849213897117,
  "info_content_per_position": [
    0.2423592202107821,
    0.3768913058514489,
    0.7618389238943091,
    1.8020160478744147,
    0.574537470231505,
    1.812056975650738,
    1.0678196538175255,
    0.7781529317203314,
    1.0408491038931453,
    1.4337399894475784,
    0.676068689331105,
    0.1369875915895687,
    0.03240437188017524,
    1.1333832497481635,
    1.4834882654779806,
    1.358362762751533,
    0.7390464068215525,
    0.9411354653631048,
    0.6515652685223091
  ],
  "mean_effect_per_position": [
    0.006252114574114481,
    0.006282365719477337,
    0.006048370401064554,
    0.007512369751930237,
    0.009030572374661764,
    0.007201745510101318,
    0.008013659318288168,
    0.00653581440448761,
    0.00905684471130371,
    0.00953801949818929,
    0.009326477646827697,
    0.007576368848482767,
    0.006664038896560669,
    0.009329692125320435,
    0.009164015253384908,
    0.009591988921165466,
    0.008660934567451477,
    0.0082194584608078,
    0.0075604639450709025
  ],
  "saturation_map_19x4_ACGT": [
    [
      0.005564982295036316,
      0.004374577403068542,
      0.0034886986017227174,
      0.005328085422515869
    ],
    [
      0.0028962284326553346,
      0.007125278115272522,
      0.00624210000038147,
      0.0025834906101226806
    ],
    [
      0.003916479349136352,
      0.007194440364837646,
      0.001309923529624939,
      0.0057242679595947265
    ],
    [
      0.007437945604324341,
      0.006830542087554931,
      0.00010202527046203614,
      0.008166596293449402
    ],
    [
      0.008277055621147156,
      0.007114415168762207,
      0.00406091570854187,
      0.0076393306255340574
    ],
    [
      0.008826762437820435,
      0.00019792795181274413,
      0.005302275419235229,
      0.007278270721435547
    ],
    [
      0.0062982141971588135,
      0.007260451912879944,
      0.00848269760608673,
      0.0019996142387390136
    ],
    [
      0.006732233762741089,
      0.0018375933170318604,
      0.00571969747543335,
      0.0053179186582565305
    ],
    [
      0.009211127758026122,
      0.0037917864322662355,
      0.007601680755615234,
      0.00656593918800354
    ],
    [
      0.009426774382591247,
      0.007887872457504273,
      0.0015323376655578614,
      0.00976707398891449
    ],
    [
      0.006276592016220093,
      0.009151743650436401,
      0.009708276391029358,
      0.0028428208827972414
    ],
    [
      0.004696651697158814,
      0.005673038363456726,
      0.005839507579803466,
      0.006519908905029297
    ],
    [
      0.004744167923927307,
      0.005394273400306702,
      0.004582834243774414,
      0.005270841121673584
    ],
    [
      0.009223161935806275,
      0.0009277486801147461,
      0.009564768075942993,
      0.00827339768409729
    ],
    [
      0.008445780277252197,
      0.009174053072929383,
      0.0009689849615097046,
      0.00890322744846344
    ],
    [
      0.011168367266654967,
      0.0014957672357559205,
      0.007414748072624207,
      0.008697084188461303
    ],
    [
      0.007656267881393433,
      0.007831488251686097,
      0.002208966612815857,
      0.008286080956459045
    ],
    [
      0.00830231785774231,
      0.006699379086494445,
      0.0020791435241699218,
      0.007577534914016724
    ],
    [
      0.006793621778488159,
      0.005498754978179932,
      0.0024991130828857424,
      0.007889901995658874
    ]
  ],
  "PWM_19x4_ACGT": [
    [
      0.14789915966386555,
      0.2823529411764706,
      0.47394957983193275,
      0.0957983193277311
    ],
    [
      0.41895261845386533,
      0.1172069825436409,
      0.04738154613466334,
      0.4164588528678304
    ],
    [
      0.23728813559322035,
      0.04600484261501211,
      0.6828087167070218,
      0.03389830508474576
    ],
    [
      0.002506265664160401,
      0.005012531328320802,
      0.974937343358396,
      0.017543859649122806
    ],
    [
      0.12030075187969924,
      0.012531328320802004,
      0.5739348370927319,
      0.2932330827067669
    ],
    [
      0.005012531328320802,
      0.9774436090225563,
      0.012531328320802004,
      0.005012531328320802
    ],
    [
      0.002506265664160401,
      0.2531328320802005,
      0.012531328320802004,
      0.731829573934837
    ],
    [
      0.07035175879396985,
      0.7437185929648241,
      0.08040201005025126,
      0.10552763819095477
    ],
    [
      0.005037783375314861,
      0.743073047858942,
      0.020151133501259445,
      0.23173803526448364
    ],
    [
      0.07304785894206549,
      0.017632241813602016,
      0.9017632241813602,
      0.007556675062972292
    ],
    [
      0.3088235294117647,
      0.07598039215686274,
      0.012254901960784314,
      0.6029411764705882
    ],
    [
      0.3914285714285714,
      0.2885714285714286,
      0.21714285714285714,
      0.10285714285714286
    ],
    [
      0.18672199170124482,
      0.27800829875518673,
      0.3215767634854772,
      0.21369294605809128
    ],
    [
      0.06265664160401002,
      0.8446115288220551,
      0.042606516290726815,
      0.05012531328320802
    ],
    [
      0.08333333333333333,
      0.00980392156862745,
      0.9044117647058824,
      0.0024509803921568627
    ],
    [
      0.0024449877750611247,
      0.8850855745721271,
      0.06601466992665037,
      0.04645476772616137
    ],
    [
      0.17422434367541767,
      0.05250596658711217,
      0.711217183770883,
      0.06205250596658711
    ],
    [
      0.07092198581560284,
      0.026004728132387706,
      0.7801418439716312,
      0.12293144208037825
    ],
    [
      0.2023529411764706,
      0.17176470588235293,
      0.6235294117647059,
      0.002352941176470588
    ]
  ]
}