{
  "experiment": "E6 DART-Eval-style comparison",
  "dataset": "katarinagresova/Genomic_Benchmarks_human_ocr_ensembl",
  "n_per_class": 2500,
  "splits": {
    "train": 3000,
    "val": 1000,
    "test": 1000
  },
  "results": {
    "3mer+LogReg": {
      "val": {
        "auroc": 0.64928,
        "auroc_std": 0.0,
        "auprc": 0.6355964613020719,
        "auprc_std": 0.0,
        "f1": 0.6131979695431472,
        "f1_std": 0.0,
        "mcc": 0.23810717234676212,
        "mcc_std": 0.0
      },
      "test": {
        "auroc": 0.6470119999999999,
        "auroc_std": 0.0,
        "auprc": 0.6326708046580303,
        "auprc_std": 0.0,
        "f1": 0.6091269841269841,
        "f1_std": 0.0,
        "mcc": 0.2120271412112237,
        "mcc_std": 2.7755575615628914e-17
      },
      "seeds": [
        42,
        7,
        123
      ],
      "per_seed": [
        {
          "val": {
            "f1": 0.6131979695431472,
            "mcc": 0.23810717234676212,
            "auroc": 0.64928,
            "auprc": 0.6355964613020719
          },
          "test": {
            "f1": 0.6091269841269841,
            "mcc": 0.21202714121122374,
            "auroc": 0.6470119999999999,
            "auprc": 0.6326708046580303
          }
        },
        {
          "val": {
            "f1": 0.6131979695431472,
            "mcc": 0.23810717234676212,
            "auroc": 0.64928,
            "auprc": 0.6355964613020719
          },
          "test": {
            "f1": 0.6091269841269841,
            "mcc": 0.21202714121122374,
            "auroc": 0.6470119999999999,
            "auprc": 0.6326708046580303
          }
        },
        {
          "val": {
            "f1": 0.6131979695431472,
            "mcc": 0.23810717234676212,
            "auroc": 0.64928,
            "auprc": 0.6355964613020719
          },
          "test": {
            "f1": 0.6091269841269841,
            "mcc": 0.21202714121122374,
            "auroc": 0.6470119999999999,
            "auprc": 0.6326708046580303
          }
        }
      ],
      "train_time_s": 0.1,
      "params": 65,
      "embedding_dim": 64
    },
    "TinyCNN-supervised": {
      "val": {
        "auroc": 0.7208106666666666,
        "auroc_std": 0.00941124566085102,
        "auprc": 0.6909806548722797,
        "auprc_std": 0.01097341571374188,
        "f1": 0.7140806414232684,
        "f1_std": 0.0032110310140775217,
        "mcc": 0.33169352980890215,
        "mcc_std": 0.010682444975073039
      },
      "test": {
        "auroc": 0.660772,
        "auroc_std": 0.005362235354775114,
        "auprc": 0.6289459718014173,
        "auprc_std": 0.007226963094511695,
        "f1": 0.6789006862000061,
        "f1_std": 0.005739906267983884,
        "mcc": 0.22853419941214603,
        "mcc_std": 0.0007004292261325113
      },
      "seeds": [
        42,
        7,
        123
      ],
      "per_seed": [
        {
          "val": {
            "f1": 0.7142857142857143,
            "mcc": 0.3212108379682615,
            "auroc": 0.7137560000000001,
            "auprc": 0.6933524003476935
          },
          "test": {
            "f1": 0.6865443425076453,
            "mcc": 0.22850000541629648,
            "auroc": 0.665328,
            "auprc": 0.6316626964125784
          },
          "epochs_trained": 14
        },
        {
          "val": {
            "f1": 0.7100494233937397,
            "mcc": 0.327513791672766,
            "auroc": 0.7145640000000001,
            "auprc": 0.6765130316403878
          },
          "test": {
            "f1": 0.6727122835943941,
            "mcc": 0.2276939605778459,
            "auroc": 0.6637439999999999,
            "auprc": 0.6361203727583729
          },
          "epochs_trained": 12
        },
        {
          "val": {
            "f1": 0.7179067865903516,
            "mcc": 0.346355959785679,
            "auroc": 0.7341119999999999,
            "auprc": 0.703076532628758
          },
          "test": {
            "f1": 0.677445432497979,
            "mcc": 0.2294086322422957,
            "auroc": 0.6532439999999999,
            "auprc": 0.6190548462333008
          },
          "epochs_trained": 12
        }
      ],
      "params": 104001,
      "train_time_s": 39.2
    },
    "GENA-LM-base": {
      "val": {
        "auroc": 0.6799240000000001,
        "auroc_std": 0.0,
        "auprc": 0.655286803051682,
        "auprc_std": 0.0,
        "f1": 0.648,
        "f1_std": 0.0,
        "mcc": 0.296,
        "mcc_std": 0.0
      },
      "test": {
        "auroc": 0.6575000000000001,
        "auroc_std": 0.0,
        "auprc": 0.6411114757499745,
        "auprc_std": 0.0,
        "f1": 0.611439842209073,
        "f1_std": 0.0,
        "mcc": 0.21208315289709914,
        "mcc_std": 0.0
      },
      "seeds": [
        42,
        7,
        123
      ],
      "per_seed": [
        {
          "val": {
            "f1": 0.648,
            "mcc": 0.296,
            "auroc": 0.6799240000000001,
            "auprc": 0.655286803051682
          },
          "test": {
            "f1": 0.611439842209073,
            "mcc": 0.21208315289709914,
            "auroc": 0.6575000000000001,
            "auprc": 0.6411114757499745
          }
        },
        {
          "val": {
            "f1": 0.648,
            "mcc": 0.296,
            "auroc": 0.6799240000000001,
            "auprc": 0.655286803051682
          },
          "test": {
            "f1": 0.611439842209073,
            "mcc": 0.21208315289709914,
            "auroc": 0.6575000000000001,
            "auprc": 0.6411114757499745
          }
        },
        {
          "val": {
            "f1": 0.648,
            "mcc": 0.296,
            "auroc": 0.6799240000000001,
            "auprc": 0.655286803051682
          },
          "test": {
            "f1": 0.611439842209073,
            "mcc": 0.21208315289709914,
            "auroc": 0.6575000000000001,
            "auprc": 0.6411114757499745
          }
        }
      ],
      "params": 110650880,
      "embedding_dim": 768,
      "extract_time_s": 10.4,
      "probe_time_s": 20.6
    },
    "HyenaDNA-tiny": {
      "val": {
        "auroc": 0.699576,
        "auroc_std": 0.0,
        "auprc": 0.6659286680339163,
        "auprc_std": 0.0,
        "f1": 0.6575342465753424,
        "f1_std": 0.0,
        "mcc": 0.30029082234223387,
        "mcc_std": 0.0
      },
      "test": {
        "auroc": 0.687608,
        "auroc_std": 0.0,
        "auprc": 0.6609662636551288,
        "auprc_std": 0.0,
        "f1": 0.6456542502387774,
        "f1_std": 0.0,
        "mcc": 0.25914745380041865,
        "mcc_std": 0.0
      },
      "seeds": [
        42,
        7,
        123
      ],
      "per_seed": [
        {
          "val": {
            "f1": 0.6575342465753424,
            "mcc": 0.30029082234223387,
            "auroc": 0.699576,
            "auprc": 0.6659286680339163
          },
          "test": {
            "f1": 0.6456542502387774,
            "mcc": 0.25914745380041865,
            "auroc": 0.687608,
            "auprc": 0.6609662636551288
          }
        },
        {
          "val": {
            "f1": 0.6575342465753424,
            "mcc": 0.30029082234223387,
            "auroc": 0.699576,
            "auprc": 0.6659286680339163
          },
          "test": {
            "f1": 0.6456542502387774,
            "mcc": 0.25914745380041865,
            "auroc": 0.687608,
            "auprc": 0.6609662636551288
          }
        },
        {
          "val": {
            "f1": 0.6575342465753424,
            "mcc": 0.30029082234223387,
            "auroc": 0.699576,
            "auprc": 0.6659286680339163
          },
          "test": {
            "f1": 0.6456542502387774,
            "mcc": 0.25914745380041865,
            "auroc": 0.687608,
            "auprc": 0.6609662636551288
          }
        }
      ],
      "params": 436096,
      "embedding_dim": 128,
      "extract_time_s": 11.0,